-- TTV Tenant -------------------------------------------------------------------
USE TTV;

INSERT INTO `ACT_ID_USER` VALUES ('adminTTV',1,'','','','{SHA-512}ZYCbsz2wse7eC1OcxLwiU4ajNxxFmzehHlJJ1m/kNtheFNmE1nJAkA0QbI5D+V02C3g/CBVSfD3qqmrE1TJ3iA==','mPXU7f5tLyzVH9vLvdPIrg==',NULL);
INSERT INTO `ACT_ID_GROUP` VALUES ('camunda-admin',1,'camunda-admin','Admin');

INSERT INTO `ACT_ID_MEMBERSHIP` VALUES ('adminTTV','camunda-admin');

INSERT INTO `ACT_RU_AUTHORIZATION` VALUES ('bcba2c64-54c8-11e8-9a03-e03f4943c961',1,1,NULL,'adminTTV',1,'adminTTV',2147483647);

INSERT INTO `ACT_RU_AUTHORIZATION` VALUES ('bcfc3e75-54c8-11e8-9a03-e03f4943c961',1,1,'camunda-admin',NULL,2,'camunda-admin',2);

INSERT INTO `ACT_RU_AUTHORIZATION` VALUES ('bd09d306-54c8-11e8-9a03-e03f4943c961',1,1,'camunda-admin',NULL,0,'*',2147483647);
INSERT INTO `ACT_RU_AUTHORIZATION` VALUES ('bd10b0d7-54c8-11e8-9a03-e03f4943c961',1,1,'camunda-admin',NULL,1,'*',2147483647);
INSERT INTO `ACT_RU_AUTHORIZATION` VALUES ('bd17dcc8-54c8-11e8-9a03-e03f4943c961',1,1,'camunda-admin',NULL,2,'*',2147483647);
INSERT INTO `ACT_RU_AUTHORIZATION` VALUES ('bd1cbec9-54c8-11e8-9a03-e03f4943c961',1,1,'camunda-admin',NULL,3,'*',2147483647);
INSERT INTO `ACT_RU_AUTHORIZATION` VALUES ('bd228b2a-54c8-11e8-9a03-e03f4943c961',1,1,'camunda-admin',NULL,4,'*',2147483647);
INSERT INTO `ACT_RU_AUTHORIZATION` VALUES ('bd265bbb-54c8-11e8-9a03-e03f4943c961',1,1,'camunda-admin',NULL,5,'*',2147483647);
INSERT INTO `ACT_RU_AUTHORIZATION` VALUES ('bd2b3dbc-54c8-11e8-9a03-e03f4943c961',1,1,'camunda-admin',NULL,6,'*',2147483647);
INSERT INTO `ACT_RU_AUTHORIZATION` VALUES ('bd2d87ad-54c8-11e8-9a03-e03f4943c961',1,1,'camunda-admin',NULL,7,'*',2147483647);
INSERT INTO `ACT_RU_AUTHORIZATION` VALUES ('bd359dfe-54c8-11e8-9a03-e03f4943c961',1,1,'camunda-admin',NULL,8,'*',2147483647);
INSERT INTO `ACT_RU_AUTHORIZATION` VALUES ('bd3a0acf-54c8-11e8-9a03-e03f4943c961',1,1,'camunda-admin',NULL,9,'*',2147483647);
INSERT INTO `ACT_RU_AUTHORIZATION` VALUES ('bd4136c0-54c8-11e8-9a03-e03f4943c961',1,1,'camunda-admin',NULL,10,'*',2147483647);
INSERT INTO `ACT_RU_AUTHORIZATION` VALUES ('bd46dc11-54c8-11e8-9a03-e03f4943c961',1,1,'camunda-admin',NULL,11,'*',2147483647);
INSERT INTO `ACT_RU_AUTHORIZATION` VALUES ('bd4b48e2-54c8-11e8-9a03-e03f4943c961',1,1,'camunda-admin',NULL,12,'*',2147483647);
INSERT INTO `ACT_RU_AUTHORIZATION` VALUES ('bd51ffa3-54c8-11e8-9a03-e03f4943c961',1,1,'camunda-admin',NULL,13,'*',2147483647);
INSERT INTO `ACT_RU_AUTHORIZATION` VALUES ('bd56e1a4-54c8-11e8-9a03-e03f4943c961',1,1,'camunda-admin',NULL,14,'*',2147483647);

INSERT INTO `ACT_ID_GROUP` VALUES ('COMMON',1,'COMMON','COMMON User');
INSERT INTO `ACT_RU_AUTHORIZATION` VALUES ('bd2d07ae-54c8-11e8-9a03-e03f4943c881',1,1,'COMMON',NULL,0,'*',2147483647);
INSERT INTO `ACT_RU_AUTHORIZATION` VALUES ('bd19d307-54c8-11e8-9a03-e03f4943d999',1,1,'COMMON',NULL,5,'*',2147483647);
INSERT INTO `ACT_RU_AUTHORIZATION` VALUES ('bd19d307-54c8-11e8-9a03-e03f4943c991',1,1,'COMMON',NULL,6,'*',258);
INSERT INTO `ACT_RU_AUTHORIZATION` VALUES ('bd19d307-54c8-11e8-9a03-e03f4943c111',1,1,'COMMON',NULL,8,'*',8);

INSERT INTO `ACT_ID_USER` VALUES ('eform.tbd@tctav.com',1,'','','','{SHA-512}ZYCbsz2wse7eC1OcxLwiU4ajNxxFmzehHlJJ1m/kNtheFNmE1nJAkA0QbI5D+V02C3g/CBVSfD3qqmrE1TJ3iA==','mPXU7f5tLyzVH9vLvdPIrg==',NULL);
INSERT INTO `ACT_ID_USER` VALUES ('eform.jpd@tctav.com',1,'','','','{SHA-512}ZYCbsz2wse7eC1OcxLwiU4ajNxxFmzehHlJJ1m/kNtheFNmE1nJAkA0QbI5D+V02C3g/CBVSfD3qqmrE1TJ3iA==','mPXU7f5tLyzVH9vLvdPIrg==',NULL);
INSERT INTO `ACT_ID_USER` VALUES ('eform.it@tctav.com',1,'','','','{SHA-512}ZYCbsz2wse7eC1OcxLwiU4ajNxxFmzehHlJJ1m/kNtheFNmE1nJAkA0QbI5D+V02C3g/CBVSfD3qqmrE1TJ3iA==','mPXU7f5tLyzVH9vLvdPIrg==',NULL);
INSERT INTO `ACT_ID_USER` VALUES ('eform.op@tctav.com',1,'','','','{SHA-512}ZYCbsz2wse7eC1OcxLwiU4ajNxxFmzehHlJJ1m/kNtheFNmE1nJAkA0QbI5D+V02C3g/CBVSfD3qqmrE1TJ3iA==','mPXU7f5tLyzVH9vLvdPIrg==',NULL);
INSERT INTO `ACT_ID_USER` VALUES ('eform.salemkt@tctav.com',1,'','','','{SHA-512}ZYCbsz2wse7eC1OcxLwiU4ajNxxFmzehHlJJ1m/kNtheFNmE1nJAkA0QbI5D+V02C3g/CBVSfD3qqmrE1TJ3iA==','mPXU7f5tLyzVH9vLvdPIrg==',NULL);
INSERT INTO `ACT_ID_USER` VALUES ('eform.global@tctav.com',1,'','','','{SHA-512}ZYCbsz2wse7eC1OcxLwiU4ajNxxFmzehHlJJ1m/kNtheFNmE1nJAkA0QbI5D+V02C3g/CBVSfD3qqmrE1TJ3iA==','mPXU7f5tLyzVH9vLvdPIrg==',NULL);
INSERT INTO `ACT_ID_USER` VALUES ('eform.odc@tctav.com',1,'','','','{SHA-512}ZYCbsz2wse7eC1OcxLwiU4ajNxxFmzehHlJJ1m/kNtheFNmE1nJAkA0QbI5D+V02C3g/CBVSfD3qqmrE1TJ3iA==','mPXU7f5tLyzVH9vLvdPIrg==',NULL);
INSERT INTO `ACT_ID_USER` VALUES ('eform.training@tctav.com',1,'','','','{SHA-512}ZYCbsz2wse7eC1OcxLwiU4ajNxxFmzehHlJJ1m/kNtheFNmE1nJAkA0QbI5D+V02C3g/CBVSfD3qqmrE1TJ3iA==','mPXU7f5tLyzVH9vLvdPIrg==',NULL);
INSERT INTO `ACT_ID_USER` VALUES ('eform.its@tctav.com',1,'','','','{SHA-512}ZYCbsz2wse7eC1OcxLwiU4ajNxxFmzehHlJJ1m/kNtheFNmE1nJAkA0QbI5D+V02C3g/CBVSfD3qqmrE1TJ3iA==','mPXU7f5tLyzVH9vLvdPIrg==',NULL);
INSERT INTO `ACT_ID_USER` VALUES ('eform.hr@tctav.com',1,'','','','{SHA-512}ZYCbsz2wse7eC1OcxLwiU4ajNxxFmzehHlJJ1m/kNtheFNmE1nJAkA0QbI5D+V02C3g/CBVSfD3qqmrE1TJ3iA==','mPXU7f5tLyzVH9vLvdPIrg==',NULL);
INSERT INTO `ACT_ID_USER` VALUES ('eform.acc@tctav.com',1,'','','','{SHA-512}ZYCbsz2wse7eC1OcxLwiU4ajNxxFmzehHlJJ1m/kNtheFNmE1nJAkA0QbI5D+V02C3g/CBVSfD3qqmrE1TJ3iA==','mPXU7f5tLyzVH9vLvdPIrg==',NULL);
INSERT INTO `ACT_ID_USER` VALUES ('eform.ceo@tctav.com',1,'','','','{SHA-512}ZYCbsz2wse7eC1OcxLwiU4ajNxxFmzehHlJJ1m/kNtheFNmE1nJAkA0QbI5D+V02C3g/CBVSfD3qqmrE1TJ3iA==','mPXU7f5tLyzVH9vLvdPIrg==',NULL);
INSERT INTO `ACT_ID_USER` VALUES ('oai.vq@tctav.com',1,'','','','{SHA-512}ZYCbsz2wse7eC1OcxLwiU4ajNxxFmzehHlJJ1m/kNtheFNmE1nJAkA0QbI5D+V02C3g/CBVSfD3qqmrE1TJ3iA==','mPXU7f5tLyzVH9vLvdPIrg==',NULL);
INSERT INTO `ACT_ID_USER` VALUES ('onishi.tomohiro@tctav.com',1,'','','','{SHA-512}ZYCbsz2wse7eC1OcxLwiU4ajNxxFmzehHlJJ1m/kNtheFNmE1nJAkA0QbI5D+V02C3g/CBVSfD3qqmrE1TJ3iA==','mPXU7f5tLyzVH9vLvdPIrg==',NULL);
INSERT INTO `ACT_ID_USER` VALUES ('tramanh@tctav.com',1,'','','','{SHA-512}ZYCbsz2wse7eC1OcxLwiU4ajNxxFmzehHlJJ1m/kNtheFNmE1nJAkA0QbI5D+V02C3g/CBVSfD3qqmrE1TJ3iA==','mPXU7f5tLyzVH9vLvdPIrg==',NULL);

-----
INSERT INTO `ACT_ID_USER` VALUES ('thanh.tn@tctav.com',1,'','','','{SHA-512}ZYCbsz2wse7eC1OcxLwiU4ajNxxFmzehHlJJ1m/kNtheFNmE1nJAkA0QbI5D+V02C3g/CBVSfD3qqmrE1TJ3iA==','mPXU7f5tLyzVH9vLvdPIrg==',NULL);
INSERT INTO `ACT_ID_USER` VALUES ('thanh.nn@tctav.com',1,'','','','{SHA-512}ZYCbsz2wse7eC1OcxLwiU4ajNxxFmzehHlJJ1m/kNtheFNmE1nJAkA0QbI5D+V02C3g/CBVSfD3qqmrE1TJ3iA==','mPXU7f5tLyzVH9vLvdPIrg==',NULL);
INSERT INTO `ACT_ID_USER` VALUES ('nhien.tt@tctav.com',1,'','','','{SHA-512}ZYCbsz2wse7eC1OcxLwiU4ajNxxFmzehHlJJ1m/kNtheFNmE1nJAkA0QbI5D+V02C3g/CBVSfD3qqmrE1TJ3iA==','mPXU7f5tLyzVH9vLvdPIrg==',NULL);
INSERT INTO `ACT_ID_USER` VALUES ('tran.hsp@tctav.com',1,'','','','{SHA-512}ZYCbsz2wse7eC1OcxLwiU4ajNxxFmzehHlJJ1m/kNtheFNmE1nJAkA0QbI5D+V02C3g/CBVSfD3qqmrE1TJ3iA==','mPXU7f5tLyzVH9vLvdPIrg==',NULL);

INSERT INTO `ACT_ID_MEMBERSHIP` VALUES ('eform.tbd@tctav.com','COMMON');
INSERT INTO `ACT_ID_MEMBERSHIP` VALUES ('eform.jpd@tctav.com','COMMON');
INSERT INTO `ACT_ID_MEMBERSHIP` VALUES ('eform.it@tctav.com','COMMON');
INSERT INTO `ACT_ID_MEMBERSHIP` VALUES ('eform.op@tctav.com','COMMON');
INSERT INTO `ACT_ID_MEMBERSHIP` VALUES ('eform.salemkt@tctav.com','COMMON');
INSERT INTO `ACT_ID_MEMBERSHIP` VALUES ('eform.global@tctav.com','COMMON');
INSERT INTO `ACT_ID_MEMBERSHIP` VALUES ('eform.odc@tctav.com','COMMON');
INSERT INTO `ACT_ID_MEMBERSHIP` VALUES ('eform.training@tctav.com','COMMON');
INSERT INTO `ACT_ID_MEMBERSHIP` VALUES ('eform.its@tctav.com','COMMON');
INSERT INTO `ACT_ID_MEMBERSHIP` VALUES ('eform.hr@tctav.com','COMMON');
INSERT INTO `ACT_ID_MEMBERSHIP` VALUES ('eform.acc@tctav.com','COMMON');
INSERT INTO `ACT_ID_MEMBERSHIP` VALUES ('eform.ceo@tctav.com','COMMON');
INSERT INTO `ACT_ID_MEMBERSHIP` VALUES ('oai.vq@tctav.com','COMMON');
INSERT INTO `ACT_ID_MEMBERSHIP` VALUES ('onishi.tomohiro@tctav.com','COMMON');
INSERT INTO `ACT_ID_MEMBERSHIP` VALUES ('tramanh@tctav.com','COMMON');


-----
INSERT INTO `ACT_ID_MEMBERSHIP` VALUES ('thanh.tn@tctav.com','COMMON');
INSERT INTO `ACT_ID_MEMBERSHIP` VALUES ('thanh.nn@tctav.com','COMMON');
INSERT INTO `ACT_ID_MEMBERSHIP` VALUES ('nhien.tt@tctav.com','COMMON');
INSERT INTO `ACT_ID_MEMBERSHIP` VALUES ('tran.hsp@tctav.com','COMMON');

INSERT INTO `ACT_ID_GROUP` VALUES ('TAPAC',1,'TAPAC','TAPAC User');
INSERT INTO `ACT_RU_AUTHORIZATION` VALUES ('bd2d87ae-54c8-11e8-9a03-e03f4943c961',1,1,'TAPAC',NULL,0,'tasklist',2147483647);
INSERT INTO `ACT_RU_AUTHORIZATION` VALUES ('bd09d307-54c8-11e8-9a03-e03f4943c961',1,1,'TAPAC',NULL,5,'*',2147483647);

INSERT INTO `ACT_RU_FILTER` VALUES ('bd7891a4-54c8-11e8-9a03-e03f4943c961', '1', 'Task', 'My Tasks', null, '{}', '{"color":"#555555","howUndefinedVariable":false,"description":"Unfiltered Tasks","refresh":false,"priority":1}');

-- TAPAC Tenant -------------------------------------------------------------------
USE TAPAC;

INSERT INTO `ACT_ID_USER` VALUES ('adminTAPAC',1,'','','','{SHA-512}ZYCbsz2wse7eC1OcxLwiU4ajNxxFmzehHlJJ1m/kNtheFNmE1nJAkA0QbI5D+V02C3g/CBVSfD3qqmrE1TJ3iA==','mPXU7f5tLyzVH9vLvdPIrg==',NULL);
INSERT INTO `ACT_ID_GROUP` VALUES ('camunda-admin',1,'camunda-admin','Admin');

INSERT INTO `ACT_ID_MEMBERSHIP` VALUES ('adminTAPAC','camunda-admin');

INSERT INTO `ACT_RU_AUTHORIZATION` VALUES ('0241a8e1-d8bf-11e7-8bfd-9c5c8e95009d',1,1,NULL,'adminTAPAC',1,'adminTAPAC',2147483647);

INSERT INTO `ACT_RU_AUTHORIZATION` VALUES ('0241a8e2-d8bf-11e7-8bfd-9c5c8e95009d',1,1,'camunda-admin',NULL,2,'camunda-admin',2);

INSERT INTO `ACT_RU_AUTHORIZATION` VALUES ('0241a8e3-d8bf-11e7-8bfd-9c5c8e95009d',1,1,'camunda-admin',NULL,0,'*',2147483647);
INSERT INTO `ACT_RU_AUTHORIZATION` VALUES ('0241a8e4-d8bf-11e7-8bfd-9c5c8e95009d',1,1,'camunda-admin',NULL,1,'*',2147483647);
INSERT INTO `ACT_RU_AUTHORIZATION` VALUES ('0241a8e5-d8bf-11e7-8bfd-9c5c8e95009d',1,1,'camunda-admin',NULL,2,'*',2147483647);
INSERT INTO `ACT_RU_AUTHORIZATION` VALUES ('0241a8e6-d8bf-11e7-8bfd-9c5c8e95009d',1,1,'camunda-admin',NULL,3,'*',2147483647);
INSERT INTO `ACT_RU_AUTHORIZATION` VALUES ('0241a8e7-d8bf-11e7-8bfd-9c5c8e95009d',1,1,'camunda-admin',NULL,4,'*',2147483647);
INSERT INTO `ACT_RU_AUTHORIZATION` VALUES ('0241a8e8-d8bf-11e7-8bfd-9c5c8e95009d',1,1,'camunda-admin',NULL,5,'*',2147483647);
INSERT INTO `ACT_RU_AUTHORIZATION` VALUES ('0241a8e9-d8bf-11e7-8bfd-9c5c8e95009d',1,1,'camunda-admin',NULL,6,'*',2147483647);
INSERT INTO `ACT_RU_AUTHORIZATION` VALUES ('0241a8f1-d8bf-11e7-8bfd-9c5c8e95009d',1,1,'camunda-admin',NULL,7,'*',2147483647);
INSERT INTO `ACT_RU_AUTHORIZATION` VALUES ('0241a8f2-d8bf-11e7-8bfd-9c5c8e95009d',1,1,'camunda-admin',NULL,8,'*',2147483647);
INSERT INTO `ACT_RU_AUTHORIZATION` VALUES ('0241a8f3-d8bf-11e7-8bfd-9c5c8e95009d',1,1,'camunda-admin',NULL,9,'*',2147483647);
INSERT INTO `ACT_RU_AUTHORIZATION` VALUES ('0241a8f4-d8bf-11e7-8bfd-9c5c8e95009d',1,1,'camunda-admin',NULL,10,'*',2147483647);
INSERT INTO `ACT_RU_AUTHORIZATION` VALUES ('0241a8f5-d8bf-11e7-8bfd-9c5c8e95009d',1,1,'camunda-admin',NULL,11,'*',2147483647);
INSERT INTO `ACT_RU_AUTHORIZATION` VALUES ('0241a8f6-d8bf-11e7-8bfd-9c5c8e95009d',1,1,'camunda-admin',NULL,12,'*',2147483647);
INSERT INTO `ACT_RU_AUTHORIZATION` VALUES ('0241a8f7-d8bf-11e7-8bfd-9c5c8e95009d',1,1,'camunda-admin',NULL,13,'*',2147483647);
INSERT INTO `ACT_RU_AUTHORIZATION` VALUES ('0241a8f8-d8bf-11e7-8bfd-9c5c8e95009d',1,1,'camunda-admin',NULL,14,'*',2147483647);

INSERT INTO `ACT_ID_GROUP` VALUES ('COMMON',1,'COMMON','COMMON User');
INSERT INTO `ACT_RU_AUTHORIZATION` VALUES ('bd2d07ae-54c8-11e8-9a03-e03f4943c881',1,1,'COMMON',NULL,0,'*',2147483647);
INSERT INTO `ACT_RU_AUTHORIZATION` VALUES ('bd19d307-54c8-11e8-9a03-e03f4943d999',1,1,'COMMON',NULL,5,'*',2147483647);
INSERT INTO `ACT_RU_AUTHORIZATION` VALUES ('bd19d307-54c8-11e8-9a03-e03f4943c991',1,1,'COMMON',NULL,6,'*',258);
INSERT INTO `ACT_RU_AUTHORIZATION` VALUES ('bd19d307-54c8-11e8-9a03-e03f4943c111',1,1,'COMMON',NULL,8,'*',8);

INSERT INTO `ACT_RU_FILTER` VALUES ('bd7891a4-54c8-11e8-9a03-e03f4943c961', '1', 'Task', 'My Tasks', null, '{}', '{"color":"#555555","howUndefinedVariable":false,"description":"Unfiltered Tasks","refresh":false,"priority":1}');

